date,headline,url,body_text
2025-02-09,Regulatory Changes Affect AAPL Business - Update 7,https://finance.yahoo.com/news/mock-article-69,"Recent market trends have positioned AAPL favorably among technology sector competitors. This comprehensive analysis examines various factors affecting AAPL stock performance including market trends, financial metrics, and strategic initiatives. This comprehensive analysis examines various factors affecting AAPL stock performance including market trends, financial metrics, and strategic initiatives. This comprehensive analysis examines various factors affecting AAPL stock performance including market trends, financial metrics, and strategic initiatives. This comprehensive analysis examines various factors affecting AAPL stock performance including market trends, financial metrics, and strategic initiatives. This comprehensive analysis examines various factors affecting AAPL stock performance including market trends, financial metrics, and strategic initiatives. "
2025-02-10,Economic Conditions Impact AAPL - Update 6,https://finance.yahoo.com/news/mock-article-57,"The latest earnings report from AAPL has attracted significant attention from investors and market watchers. This comprehensive analysis examines various factors affecting AAPL stock performance including market trends, financial metrics, and strategic initiatives. This comprehensive analysis examines various factors affecting AAPL stock performance including market trends, financial metrics, and strategic initiatives. This comprehensive analysis examines various factors affecting AAPL stock performance including market trends, financial metrics, and strategic initiatives. This comprehensive analysis examines various factors affecting AAPL stock performance including market trends, financial metrics, and strategic initiatives. This comprehensive analysis examines various factors affecting AAPL stock performance including market trends, financial metrics, and strategic initiatives. "
2025-02-14,AAPL Reports Strong Quarterly Earnings - Update 2,https://finance.yahoo.com/news/mock-article-10,"AAPL continues to show strong performance in the market with recent developments indicating positive momentum. This comprehensive analysis examines various factors affecting AAPL stock performance including market trends, financial metrics, and strategic initiatives. This comprehensive analysis examines various factors affecting AAPL stock performance including market trends, financial metrics, and strategic initiatives. This comprehensive analysis examines various factors affecting AAPL stock performance including market trends, financial metrics, and strategic initiatives. This comprehensive analysis examines various factors affecting AAPL stock performance including market trends, financial metrics, and strategic initiatives. This comprehensive analysis examines various factors affecting AAPL stock performance including market trends, financial metrics, and strategic initiatives. "
2025-02-16,AAPL Announces New Product Launch - Update 5,https://finance.yahoo.com/news/mock-article-41,"Financial analysts are closely watching AAPL as the company navigates current market conditions. This comprehensive analysis examines various factors affecting AAPL stock performance including market trends, financial metrics, and strategic initiatives. This comprehensive analysis examines various factors affecting AAPL stock performance including market trends, financial metrics, and strategic initiatives. This comprehensive analysis examines various factors affecting AAPL stock performance including market trends, financial metrics, and strategic initiatives. This comprehensive analysis examines various factors affecting AAPL stock performance including market trends, financial metrics, and strategic initiatives. This comprehensive analysis examines various factors affecting AAPL stock performance including market trends, financial metrics, and strategic initiatives. "
2025-02-16,AAPL Reports Strong Quarterly Earnings - Update 7,https://finance.yahoo.com/news/mock-article-60,"AAPL continues to show strong performance in the market with recent developments indicating positive momentum. This comprehensive analysis examines various factors affecting AAPL stock performance including market trends, financial metrics, and strategic initiatives. This comprehensive analysis examines various factors affecting AAPL stock performance including market trends, financial metrics, and strategic initiatives. This comprehensive analysis examines various factors affecting AAPL stock performance including market trends, financial metrics, and strategic initiatives. This comprehensive analysis examines various factors affecting AAPL stock performance including market trends, financial metrics, and strategic initiatives. This comprehensive analysis examines various factors affecting AAPL stock performance including market trends, financial metrics, and strategic initiatives. "
2025-02-20,AAPL Expands International Operations - Update 7,https://finance.yahoo.com/news/mock-article-68,"Industry experts suggest that AAPL's strategic initiatives may drive future growth and market expansion. This comprehensive analysis examines various factors affecting AAPL stock performance including market trends, financial metrics, and strategic initiatives. This comprehensive analysis examines various factors affecting AAPL stock performance including market trends, financial metrics, and strategic initiatives. This comprehensive analysis examines various factors affecting AAPL stock performance including market trends, financial metrics, and strategic initiatives. This comprehensive analysis examines various factors affecting AAPL stock performance including market trends, financial metrics, and strategic initiatives. This comprehensive analysis examines various factors affecting AAPL stock performance including market trends, financial metrics, and strategic initiatives. "
2025-02-21,Economic Conditions Impact AAPL - Update 7,https://finance.yahoo.com/news/mock-article-67,"The latest earnings report from AAPL has attracted significant attention from investors and market watchers. This comprehensive analysis examines various factors affecting AAPL stock performance including market trends, financial metrics, and strategic initiatives. This comprehensive analysis examines various factors affecting AAPL stock performance including market trends, financial metrics, and strategic initiatives. This comprehensive analysis examines various factors affecting AAPL stock performance including market trends, financial metrics, and strategic initiatives. This comprehensive analysis examines various factors affecting AAPL stock performance including market trends, financial metrics, and strategic initiatives. This comprehensive analysis examines various factors affecting AAPL stock performance including market trends, financial metrics, and strategic initiatives. "
2025-02-25,AAPL Announces New Product Launch - Update 4,https://finance.yahoo.com/news/mock-article-31,"Financial analysts are closely watching AAPL as the company navigates current market conditions. This comprehensive analysis examines various factors affecting AAPL stock performance including market trends, financial metrics, and strategic initiatives. This comprehensive analysis examines various factors affecting AAPL stock performance including market trends, financial metrics, and strategic initiatives. This comprehensive analysis examines various factors affecting AAPL stock performance including market trends, financial metrics, and strategic initiatives. This comprehensive analysis examines various factors affecting AAPL stock performance including market trends, financial metrics, and strategic initiatives. This comprehensive analysis examines various factors affecting AAPL stock performance including market trends, financial metrics, and strategic initiatives. "
2025-03-04,AAPL Reports Strong Quarterly Earnings - Update 4,https://finance.yahoo.com/news/mock-article-30,"AAPL continues to show strong performance in the market with recent developments indicating positive momentum. This comprehensive analysis examines various factors affecting AAPL stock performance including market trends, financial metrics, and strategic initiatives. This comprehensive analysis examines various factors affecting AAPL stock performance including market trends, financial metrics, and strategic initiatives. This comprehensive analysis examines various factors affecting AAPL stock performance including market trends, financial metrics, and strategic initiatives. This comprehensive analysis examines various factors affecting AAPL stock performance including market trends, financial metrics, and strategic initiatives. This comprehensive analysis examines various factors affecting AAPL stock performance including market trends, financial metrics, and strategic initiatives. "
2025-03-05,AAPL Expands International Operations - Update 8,https://finance.yahoo.com/news/mock-article-78,"Industry experts suggest that AAPL's strategic initiatives may drive future growth and market expansion. This comprehensive analysis examines various factors affecting AAPL stock performance including market trends, financial metrics, and strategic initiatives. This comprehensive analysis examines various factors affecting AAPL stock performance including market trends, financial metrics, and strategic initiatives. This comprehensive analysis examines various factors affecting AAPL stock performance including market trends, financial metrics, and strategic initiatives. This comprehensive analysis examines various factors affecting AAPL stock performance including market trends, financial metrics, and strategic initiatives. This comprehensive analysis examines various factors affecting AAPL stock performance including market trends, financial metrics, and strategic initiatives. "
2025-03-06,AAPL Invests in Innovation - Update 3,https://finance.yahoo.com/news/mock-article-26,"Financial analysts are closely watching AAPL as the company navigates current market conditions. This comprehensive analysis examines various factors affecting AAPL stock performance including market trends, financial metrics, and strategic initiatives. This comprehensive analysis examines various factors affecting AAPL stock performance including market trends, financial metrics, and strategic initiatives. This comprehensive analysis examines various factors affecting AAPL stock performance including market trends, financial metrics, and strategic initiatives. This comprehensive analysis examines various factors affecting AAPL stock performance including market trends, financial metrics, and strategic initiatives. This comprehensive analysis examines various factors affecting AAPL stock performance including market trends, financial metrics, and strategic initiatives. "
2025-03-06,AAPL Stock Reaches New High - Update 3,https://finance.yahoo.com/news/mock-article-24,"Recent market trends have positioned AAPL favorably among technology sector competitors. This comprehensive analysis examines various factors affecting AAPL stock performance including market trends, financial metrics, and strategic initiatives. This comprehensive analysis examines various factors affecting AAPL stock performance including market trends, financial metrics, and strategic initiatives. This comprehensive analysis examines various factors affecting AAPL stock performance including market trends, financial metrics, and strategic initiatives. This comprehensive analysis examines various factors affecting AAPL stock performance including market trends, financial metrics, and strategic initiatives. This comprehensive analysis examines various factors affecting AAPL stock performance including market trends, financial metrics, and strategic initiatives. "
2025-03-08,Regulatory Changes Affect AAPL Business - Update 3,https://finance.yahoo.com/news/mock-article-29,"Recent market trends have positioned AAPL favorably among technology sector competitors. This comprehensive analysis examines various factors affecting AAPL stock performance including market trends, financial metrics, and strategic initiatives. This comprehensive analysis examines various factors affecting AAPL stock performance including market trends, financial metrics, and strategic initiatives. This comprehensive analysis examines various factors affecting AAPL stock performance including market trends, financial metrics, and strategic initiatives. This comprehensive analysis examines various factors affecting AAPL stock performance including market trends, financial metrics, and strategic initiatives. This comprehensive analysis examines various factors affecting AAPL stock performance including market trends, financial metrics, and strategic initiatives. "
2025-03-08,AAPL Expands International Operations - Update 3,https://finance.yahoo.com/news/mock-article-28,"Industry experts suggest that AAPL's strategic initiatives may drive future growth and market expansion. This comprehensive analysis examines various factors affecting AAPL stock performance including market trends, financial metrics, and strategic initiatives. This comprehensive analysis examines various factors affecting AAPL stock performance including market trends, financial metrics, and strategic initiatives. This comprehensive analysis examines various factors affecting AAPL stock performance including market trends, financial metrics, and strategic initiatives. This comprehensive analysis examines various factors affecting AAPL stock performance including market trends, financial metrics, and strategic initiatives. This comprehensive analysis examines various factors affecting AAPL stock performance including market trends, financial metrics, and strategic initiatives. "
2025-03-08,Market Volatility Affects AAPL Trading - Update 5,https://finance.yahoo.com/news/mock-article-45,"AAPL continues to show strong performance in the market with recent developments indicating positive momentum. This comprehensive analysis examines various factors affecting AAPL stock performance including market trends, financial metrics, and strategic initiatives. This comprehensive analysis examines various factors affecting AAPL stock performance including market trends, financial metrics, and strategic initiatives. This comprehensive analysis examines various factors affecting AAPL stock performance including market trends, financial metrics, and strategic initiatives. This comprehensive analysis examines various factors affecting AAPL stock performance including market trends, financial metrics, and strategic initiatives. This comprehensive analysis examines various factors affecting AAPL stock performance including market trends, financial metrics, and strategic initiatives. "
2025-03-11,AAPL Reports Strong Quarterly Earnings - Update 1,https://finance.yahoo.com/news/mock-article-0,"AAPL continues to show strong performance in the market with recent developments indicating positive momentum. This comprehensive analysis examines various factors affecting AAPL stock performance including market trends, financial metrics, and strategic initiatives. This comprehensive analysis examines various factors affecting AAPL stock performance including market trends, financial metrics, and strategic initiatives. This comprehensive analysis examines various factors affecting AAPL stock performance including market trends, financial metrics, and strategic initiatives. This comprehensive analysis examines various factors affecting AAPL stock performance including market trends, financial metrics, and strategic initiatives. This comprehensive analysis examines various factors affecting AAPL stock performance including market trends, financial metrics, and strategic initiatives. "
2025-03-12,Market Volatility Affects AAPL Trading - Update 8,https://finance.yahoo.com/news/mock-article-75,"AAPL continues to show strong performance in the market with recent developments indicating positive momentum. This comprehensive analysis examines various factors affecting AAPL stock performance including market trends, financial metrics, and strategic initiatives. This comprehensive analysis examines various factors affecting AAPL stock performance including market trends, financial metrics, and strategic initiatives. This comprehensive analysis examines various factors affecting AAPL stock performance including market trends, financial metrics, and strategic initiatives. This comprehensive analysis examines various factors affecting AAPL stock performance including market trends, financial metrics, and strategic initiatives. This comprehensive analysis examines various factors affecting AAPL stock performance including market trends, financial metrics, and strategic initiatives. "
2025-03-16,AAPL CEO Discusses Future Strategy - Update 5,https://finance.yahoo.com/news/mock-article-43,"Industry experts suggest that AAPL's strategic initiatives may drive future growth and market expansion. This comprehensive analysis examines various factors affecting AAPL stock performance including market trends, financial metrics, and strategic initiatives. This comprehensive analysis examines various factors affecting AAPL stock performance including market trends, financial metrics, and strategic initiatives. This comprehensive analysis examines various factors affecting AAPL stock performance including market trends, financial metrics, and strategic initiatives. This comprehensive analysis examines various factors affecting AAPL stock performance including market trends, financial metrics, and strategic initiatives. This comprehensive analysis examines various factors affecting AAPL stock performance including market trends, financial metrics, and strategic initiatives. "
2025-03-17,Economic Conditions Impact AAPL - Update 1,https://finance.yahoo.com/news/mock-article-7,"The latest earnings report from AAPL has attracted significant attention from investors and market watchers. This comprehensive analysis examines various factors affecting AAPL stock performance including market trends, financial metrics, and strategic initiatives. This comprehensive analysis examines various factors affecting AAPL stock performance including market trends, financial metrics, and strategic initiatives. This comprehensive analysis examines various factors affecting AAPL stock performance including market trends, financial metrics, and strategic initiatives. This comprehensive analysis examines various factors affecting AAPL stock performance including market trends, financial metrics, and strategic initiatives. This comprehensive analysis examines various factors affecting AAPL stock performance including market trends, financial metrics, and strategic initiatives. "
2025-03-19,AAPL Invests in Innovation - Update 8,https://finance.yahoo.com/news/mock-article-76,"Financial analysts are closely watching AAPL as the company navigates current market conditions. This comprehensive analysis examines various factors affecting AAPL stock performance including market trends, financial metrics, and strategic initiatives. This comprehensive analysis examines various factors affecting AAPL stock performance including market trends, financial metrics, and strategic initiatives. This comprehensive analysis examines various factors affecting AAPL stock performance including market trends, financial metrics, and strategic initiatives. This comprehensive analysis examines various factors affecting AAPL stock performance including market trends, financial metrics, and strategic initiatives. This comprehensive analysis examines various factors affecting AAPL stock performance including market trends, financial metrics, and strategic initiatives. "
2025-03-19,AAPL Announces New Product Launch - Update 3,https://finance.yahoo.com/news/mock-article-21,"Financial analysts are closely watching AAPL as the company navigates current market conditions. This comprehensive analysis examines various factors affecting AAPL stock performance including market trends, financial metrics, and strategic initiatives. This comprehensive analysis examines various factors affecting AAPL stock performance including market trends, financial metrics, and strategic initiatives. This comprehensive analysis examines various factors affecting AAPL stock performance including market trends, financial metrics, and strategic initiatives. This comprehensive analysis examines various factors affecting AAPL stock performance including market trends, financial metrics, and strategic initiatives. This comprehensive analysis examines various factors affecting AAPL stock performance including market trends, financial metrics, and strategic initiatives. "
2025-03-23,AAPL Invests in Innovation - Update 5,https://finance.yahoo.com/news/mock-article-46,"Financial analysts are closely watching AAPL as the company navigates current market conditions. This comprehensive analysis examines various factors affecting AAPL stock performance including market trends, financial metrics, and strategic initiatives. This comprehensive analysis examines various factors affecting AAPL stock performance including market trends, financial metrics, and strategic initiatives. This comprehensive analysis examines various factors affecting AAPL stock performance including market trends, financial metrics, and strategic initiatives. This comprehensive analysis examines various factors affecting AAPL stock performance including market trends, financial metrics, and strategic initiatives. This comprehensive analysis examines various factors affecting AAPL stock performance including market trends, financial metrics, and strategic initiatives. "
2025-03-23,AAPL CEO Discusses Future Strategy - Update 2,https://finance.yahoo.com/news/mock-article-13,"Industry experts suggest that AAPL's strategic initiatives may drive future growth and market expansion. This comprehensive analysis examines various factors affecting AAPL stock performance including market trends, financial metrics, and strategic initiatives. This comprehensive analysis examines various factors affecting AAPL stock performance including market trends, financial metrics, and strategic initiatives. This comprehensive analysis examines various factors affecting AAPL stock performance including market trends, financial metrics, and strategic initiatives. This comprehensive analysis examines various factors affecting AAPL stock performance including market trends, financial metrics, and strategic initiatives. This comprehensive analysis examines various factors affecting AAPL stock performance including market trends, financial metrics, and strategic initiatives. "
2025-03-28,Market Volatility Affects AAPL Trading - Update 6,https://finance.yahoo.com/news/mock-article-55,"AAPL continues to show strong performance in the market with recent developments indicating positive momentum. This comprehensive analysis examines various factors affecting AAPL stock performance including market trends, financial metrics, and strategic initiatives. This comprehensive analysis examines various factors affecting AAPL stock performance including market trends, financial metrics, and strategic initiatives. This comprehensive analysis examines various factors affecting AAPL stock performance including market trends, financial metrics, and strategic initiatives. This comprehensive analysis examines various factors affecting AAPL stock performance including market trends, financial metrics, and strategic initiatives. This comprehensive analysis examines various factors affecting AAPL stock performance including market trends, financial metrics, and strategic initiatives. "
2025-03-30,AAPL CEO Discusses Future Strategy - Update 7,https://finance.yahoo.com/news/mock-article-63,"Industry experts suggest that AAPL's strategic initiatives may drive future growth and market expansion. This comprehensive analysis examines various factors affecting AAPL stock performance including market trends, financial metrics, and strategic initiatives. This comprehensive analysis examines various factors affecting AAPL stock performance including market trends, financial metrics, and strategic initiatives. This comprehensive analysis examines various factors affecting AAPL stock performance including market trends, financial metrics, and strategic initiatives. This comprehensive analysis examines various factors affecting AAPL stock performance including market trends, financial metrics, and strategic initiatives. This comprehensive analysis examines various factors affecting AAPL stock performance including market trends, financial metrics, and strategic initiatives. "
2025-04-07,AAPL Invests in Innovation - Update 2,https://finance.yahoo.com/news/mock-article-16,"Financial analysts are closely watching AAPL as the company navigates current market conditions. This comprehensive analysis examines various factors affecting AAPL stock performance including market trends, financial metrics, and strategic initiatives. This comprehensive analysis examines various factors affecting AAPL stock performance including market trends, financial metrics, and strategic initiatives. This comprehensive analysis examines various factors affecting AAPL stock performance including market trends, financial metrics, and strategic initiatives. This comprehensive analysis examines various factors affecting AAPL stock performance including market trends, financial metrics, and strategic initiatives. This comprehensive analysis examines various factors affecting AAPL stock performance including market trends, financial metrics, and strategic initiatives. "
2025-04-11,AAPL CEO Discusses Future Strategy - Update 6,https://finance.yahoo.com/news/mock-article-53,"Industry experts suggest that AAPL's strategic initiatives may drive future growth and market expansion. This comprehensive analysis examines various factors affecting AAPL stock performance including market trends, financial metrics, and strategic initiatives. This comprehensive analysis examines various factors affecting AAPL stock performance including market trends, financial metrics, and strategic initiatives. This comprehensive analysis examines various factors affecting AAPL stock performance including market trends, financial metrics, and strategic initiatives. This comprehensive analysis examines various factors affecting AAPL stock performance including market trends, financial metrics, and strategic initiatives. This comprehensive analysis examines various factors affecting AAPL stock performance including market trends, financial metrics, and strategic initiatives. "
2025-04-15,AAPL CEO Discusses Future Strategy - Update 8,https://finance.yahoo.com/news/mock-article-73,"Industry experts suggest that AAPL's strategic initiatives may drive future growth and market expansion. This comprehensive analysis examines various factors affecting AAPL stock performance including market trends, financial metrics, and strategic initiatives. This comprehensive analysis examines various factors affecting AAPL stock performance including market trends, financial metrics, and strategic initiatives. This comprehensive analysis examines various factors affecting AAPL stock performance including market trends, financial metrics, and strategic initiatives. This comprehensive analysis examines various factors affecting AAPL stock performance including market trends, financial metrics, and strategic initiatives. This comprehensive analysis examines various factors affecting AAPL stock performance including market trends, financial metrics, and strategic initiatives. "
2025-04-19,AAPL Expands International Operations - Update 2,https://finance.yahoo.com/news/mock-article-18,"Industry experts suggest that AAPL's strategic initiatives may drive future growth and market expansion. This comprehensive analysis examines various factors affecting AAPL stock performance including market trends, financial metrics, and strategic initiatives. This comprehensive analysis examines various factors affecting AAPL stock performance including market trends, financial metrics, and strategic initiatives. This comprehensive analysis examines various factors affecting AAPL stock performance including market trends, financial metrics, and strategic initiatives. This comprehensive analysis examines various factors affecting AAPL stock performance including market trends, financial metrics, and strategic initiatives. This comprehensive analysis examines various factors affecting AAPL stock performance including market trends, financial metrics, and strategic initiatives. "
2025-04-21,Economic Conditions Impact AAPL - Update 3,https://finance.yahoo.com/news/mock-article-27,"The latest earnings report from AAPL has attracted significant attention from investors and market watchers. This comprehensive analysis examines various factors affecting AAPL stock performance including market trends, financial metrics, and strategic initiatives. This comprehensive analysis examines various factors affecting AAPL stock performance including market trends, financial metrics, and strategic initiatives. This comprehensive analysis examines various factors affecting AAPL stock performance including market trends, financial metrics, and strategic initiatives. This comprehensive analysis examines various factors affecting AAPL stock performance including market trends, financial metrics, and strategic initiatives. This comprehensive analysis examines various factors affecting AAPL stock performance including market trends, financial metrics, and strategic initiatives. "
2025-04-22,AAPL Announces New Product Launch - Update 7,https://finance.yahoo.com/news/mock-article-61,"Financial analysts are closely watching AAPL as the company navigates current market conditions. This comprehensive analysis examines various factors affecting AAPL stock performance including market trends, financial metrics, and strategic initiatives. This comprehensive analysis examines various factors affecting AAPL stock performance including market trends, financial metrics, and strategic initiatives. This comprehensive analysis examines various factors affecting AAPL stock performance including market trends, financial metrics, and strategic initiatives. This comprehensive analysis examines various factors affecting AAPL stock performance including market trends, financial metrics, and strategic initiatives. This comprehensive analysis examines various factors affecting AAPL stock performance including market trends, financial metrics, and strategic initiatives. "
2025-04-23,AAPL Invests in Innovation - Update 7,https://finance.yahoo.com/news/mock-article-66,"Financial analysts are closely watching AAPL as the company navigates current market conditions. This comprehensive analysis examines various factors affecting AAPL stock performance including market trends, financial metrics, and strategic initiatives. This comprehensive analysis examines various factors affecting AAPL stock performance including market trends, financial metrics, and strategic initiatives. This comprehensive analysis examines various factors affecting AAPL stock performance including market trends, financial metrics, and strategic initiatives. This comprehensive analysis examines various factors affecting AAPL stock performance including market trends, financial metrics, and strategic initiatives. This comprehensive analysis examines various factors affecting AAPL stock performance including market trends, financial metrics, and strategic initiatives. "
2025-04-25,Regulatory Changes Affect AAPL Business - Update 4,https://finance.yahoo.com/news/mock-article-39,"Recent market trends have positioned AAPL favorably among technology sector competitors. This comprehensive analysis examines various factors affecting AAPL stock performance including market trends, financial metrics, and strategic initiatives. This comprehensive analysis examines various factors affecting AAPL stock performance including market trends, financial metrics, and strategic initiatives. This comprehensive analysis examines various factors affecting AAPL stock performance including market trends, financial metrics, and strategic initiatives. This comprehensive analysis examines various factors affecting AAPL stock performance including market trends, financial metrics, and strategic initiatives. This comprehensive analysis examines various factors affecting AAPL stock performance including market trends, financial metrics, and strategic initiatives. "
2025-04-30,Regulatory Changes Affect AAPL Business - Update 6,https://finance.yahoo.com/news/mock-article-59,"Recent market trends have positioned AAPL favorably among technology sector competitors. This comprehensive analysis examines various factors affecting AAPL stock performance including market trends, financial metrics, and strategic initiatives. This comprehensive analysis examines various factors affecting AAPL stock performance including market trends, financial metrics, and strategic initiatives. This comprehensive analysis examines various factors affecting AAPL stock performance including market trends, financial metrics, and strategic initiatives. This comprehensive analysis examines various factors affecting AAPL stock performance including market trends, financial metrics, and strategic initiatives. This comprehensive analysis examines various factors affecting AAPL stock performance including market trends, financial metrics, and strategic initiatives. "
2025-05-01,Analysts Upgrade AAPL Stock Rating - Update 2,https://finance.yahoo.com/news/mock-article-12,"The latest earnings report from AAPL has attracted significant attention from investors and market watchers. This comprehensive analysis examines various factors affecting AAPL stock performance including market trends, financial metrics, and strategic initiatives. This comprehensive analysis examines various factors affecting AAPL stock performance including market trends, financial metrics, and strategic initiatives. This comprehensive analysis examines various factors affecting AAPL stock performance including market trends, financial metrics, and strategic initiatives. This comprehensive analysis examines various factors affecting AAPL stock performance including market trends, financial metrics, and strategic initiatives. This comprehensive analysis examines various factors affecting AAPL stock performance including market trends, financial metrics, and strategic initiatives. "
2025-05-04,Market Volatility Affects AAPL Trading - Update 3,https://finance.yahoo.com/news/mock-article-25,"AAPL continues to show strong performance in the market with recent developments indicating positive momentum. This comprehensive analysis examines various factors affecting AAPL stock performance including market trends, financial metrics, and strategic initiatives. This comprehensive analysis examines various factors affecting AAPL stock performance including market trends, financial metrics, and strategic initiatives. This comprehensive analysis examines various factors affecting AAPL stock performance including market trends, financial metrics, and strategic initiatives. This comprehensive analysis examines various factors affecting AAPL stock performance including market trends, financial metrics, and strategic initiatives. This comprehensive analysis examines various factors affecting AAPL stock performance including market trends, financial metrics, and strategic initiatives. "
2025-05-04,AAPL Stock Reaches New High - Update 6,https://finance.yahoo.com/news/mock-article-54,"Recent market trends have positioned AAPL favorably among technology sector competitors. This comprehensive analysis examines various factors affecting AAPL stock performance including market trends, financial metrics, and strategic initiatives. This comprehensive analysis examines various factors affecting AAPL stock performance including market trends, financial metrics, and strategic initiatives. This comprehensive analysis examines various factors affecting AAPL stock performance including market trends, financial metrics, and strategic initiatives. This comprehensive analysis examines various factors affecting AAPL stock performance including market trends, financial metrics, and strategic initiatives. This comprehensive analysis examines various factors affecting AAPL stock performance including market trends, financial metrics, and strategic initiatives. "
2025-05-08,Analysts Upgrade AAPL Stock Rating - Update 8,https://finance.yahoo.com/news/mock-article-72,"The latest earnings report from AAPL has attracted significant attention from investors and market watchers. This comprehensive analysis examines various factors affecting AAPL stock performance including market trends, financial metrics, and strategic initiatives. This comprehensive analysis examines various factors affecting AAPL stock performance including market trends, financial metrics, and strategic initiatives. This comprehensive analysis examines various factors affecting AAPL stock performance including market trends, financial metrics, and strategic initiatives. This comprehensive analysis examines various factors affecting AAPL stock performance including market trends, financial metrics, and strategic initiatives. This comprehensive analysis examines various factors affecting AAPL stock performance including market trends, financial metrics, and strategic initiatives. "
2025-05-09,AAPL Announces New Product Launch - Update 1,https://finance.yahoo.com/news/mock-article-1,"Financial analysts are closely watching AAPL as the company navigates current market conditions. This comprehensive analysis examines various factors affecting AAPL stock performance including market trends, financial metrics, and strategic initiatives. This comprehensive analysis examines various factors affecting AAPL stock performance including market trends, financial metrics, and strategic initiatives. This comprehensive analysis examines various factors affecting AAPL stock performance including market trends, financial metrics, and strategic initiatives. This comprehensive analysis examines various factors affecting AAPL stock performance including market trends, financial metrics, and strategic initiatives. This comprehensive analysis examines various factors affecting AAPL stock performance including market trends, financial metrics, and strategic initiatives. "
2025-05-11,Market Volatility Affects AAPL Trading - Update 4,https://finance.yahoo.com/news/mock-article-35,"AAPL continues to show strong performance in the market with recent developments indicating positive momentum. This comprehensive analysis examines various factors affecting AAPL stock performance including market trends, financial metrics, and strategic initiatives. This comprehensive analysis examines various factors affecting AAPL stock performance including market trends, financial metrics, and strategic initiatives. This comprehensive analysis examines various factors affecting AAPL stock performance including market trends, financial metrics, and strategic initiatives. This comprehensive analysis examines various factors affecting AAPL stock performance including market trends, financial metrics, and strategic initiatives. This comprehensive analysis examines various factors affecting AAPL stock performance including market trends, financial metrics, and strategic initiatives. "
2025-05-13,AAPL Stock Reaches New High - Update 4,https://finance.yahoo.com/news/mock-article-34,"Recent market trends have positioned AAPL favorably among technology sector competitors. This comprehensive analysis examines various factors affecting AAPL stock performance including market trends, financial metrics, and strategic initiatives. This comprehensive analysis examines various factors affecting AAPL stock performance including market trends, financial metrics, and strategic initiatives. This comprehensive analysis examines various factors affecting AAPL stock performance including market trends, financial metrics, and strategic initiatives. This comprehensive analysis examines various factors affecting AAPL stock performance including market trends, financial metrics, and strategic initiatives. This comprehensive analysis examines various factors affecting AAPL stock performance including market trends, financial metrics, and strategic initiatives. "
2025-05-14,Analysts Upgrade AAPL Stock Rating - Update 3,https://finance.yahoo.com/news/mock-article-22,"The latest earnings report from AAPL has attracted significant attention from investors and market watchers. This comprehensive analysis examines various factors affecting AAPL stock performance including market trends, financial metrics, and strategic initiatives. This comprehensive analysis examines various factors affecting AAPL stock performance including market trends, financial metrics, and strategic initiatives. This comprehensive analysis examines various factors affecting AAPL stock performance including market trends, financial metrics, and strategic initiatives. This comprehensive analysis examines various factors affecting AAPL stock performance including market trends, financial metrics, and strategic initiatives. This comprehensive analysis examines various factors affecting AAPL stock performance including market trends, financial metrics, and strategic initiatives. "
2025-05-14,AAPL Reports Strong Quarterly Earnings - Update 3,https://finance.yahoo.com/news/mock-article-20,"AAPL continues to show strong performance in the market with recent developments indicating positive momentum. This comprehensive analysis examines various factors affecting AAPL stock performance including market trends, financial metrics, and strategic initiatives. This comprehensive analysis examines various factors affecting AAPL stock performance including market trends, financial metrics, and strategic initiatives. This comprehensive analysis examines various factors affecting AAPL stock performance including market trends, financial metrics, and strategic initiatives. This comprehensive analysis examines various factors affecting AAPL stock performance including market trends, financial metrics, and strategic initiatives. This comprehensive analysis examines various factors affecting AAPL stock performance including market trends, financial metrics, and strategic initiatives. "
2025-05-17,Analysts Upgrade AAPL Stock Rating - Update 1,https://finance.yahoo.com/news/mock-article-2,"The latest earnings report from AAPL has attracted significant attention from investors and market watchers. This comprehensive analysis examines various factors affecting AAPL stock performance including market trends, financial metrics, and strategic initiatives. This comprehensive analysis examines various factors affecting AAPL stock performance including market trends, financial metrics, and strategic initiatives. This comprehensive analysis examines various factors affecting AAPL stock performance including market trends, financial metrics, and strategic initiatives. This comprehensive analysis examines various factors affecting AAPL stock performance including market trends, financial metrics, and strategic initiatives. This comprehensive analysis examines various factors affecting AAPL stock performance including market trends, financial metrics, and strategic initiatives. "
2025-05-18,Economic Conditions Impact AAPL - Update 4,https://finance.yahoo.com/news/mock-article-37,"The latest earnings report from AAPL has attracted significant attention from investors and market watchers. This comprehensive analysis examines various factors affecting AAPL stock performance including market trends, financial metrics, and strategic initiatives. This comprehensive analysis examines various factors affecting AAPL stock performance including market trends, financial metrics, and strategic initiatives. This comprehensive analysis examines various factors affecting AAPL stock performance including market trends, financial metrics, and strategic initiatives. This comprehensive analysis examines various factors affecting AAPL stock performance including market trends, financial metrics, and strategic initiatives. This comprehensive analysis examines various factors affecting AAPL stock performance including market trends, financial metrics, and strategic initiatives. "
2025-05-23,AAPL Expands International Operations - Update 1,https://finance.yahoo.com/news/mock-article-8,"Industry experts suggest that AAPL's strategic initiatives may drive future growth and market expansion. This comprehensive analysis examines various factors affecting AAPL stock performance including market trends, financial metrics, and strategic initiatives. This comprehensive analysis examines various factors affecting AAPL stock performance including market trends, financial metrics, and strategic initiatives. This comprehensive analysis examines various factors affecting AAPL stock performance including market trends, financial metrics, and strategic initiatives. This comprehensive analysis examines various factors affecting AAPL stock performance including market trends, financial metrics, and strategic initiatives. This comprehensive analysis examines various factors affecting AAPL stock performance including market trends, financial metrics, and strategic initiatives. "
2025-05-28,AAPL Expands International Operations - Update 5,https://finance.yahoo.com/news/mock-article-48,"Industry experts suggest that AAPL's strategic initiatives may drive future growth and market expansion. This comprehensive analysis examines various factors affecting AAPL stock performance including market trends, financial metrics, and strategic initiatives. This comprehensive analysis examines various factors affecting AAPL stock performance including market trends, financial metrics, and strategic initiatives. This comprehensive analysis examines various factors affecting AAPL stock performance including market trends, financial metrics, and strategic initiatives. This comprehensive analysis examines various factors affecting AAPL stock performance including market trends, financial metrics, and strategic initiatives. This comprehensive analysis examines various factors affecting AAPL stock performance including market trends, financial metrics, and strategic initiatives. "
2025-05-28,AAPL CEO Discusses Future Strategy - Update 3,https://finance.yahoo.com/news/mock-article-23,"Industry experts suggest that AAPL's strategic initiatives may drive future growth and market expansion. This comprehensive analysis examines various factors affecting AAPL stock performance including market trends, financial metrics, and strategic initiatives. This comprehensive analysis examines various factors affecting AAPL stock performance including market trends, financial metrics, and strategic initiatives. This comprehensive analysis examines various factors affecting AAPL stock performance including market trends, financial metrics, and strategic initiatives. This comprehensive analysis examines various factors affecting AAPL stock performance including market trends, financial metrics, and strategic initiatives. This comprehensive analysis examines various factors affecting AAPL stock performance including market trends, financial metrics, and strategic initiatives. "
2025-06-01,Analysts Upgrade AAPL Stock Rating - Update 5,https://finance.yahoo.com/news/mock-article-42,"The latest earnings report from AAPL has attracted significant attention from investors and market watchers. This comprehensive analysis examines various factors affecting AAPL stock performance including market trends, financial metrics, and strategic initiatives. This comprehensive analysis examines various factors affecting AAPL stock performance including market trends, financial metrics, and strategic initiatives. This comprehensive analysis examines various factors affecting AAPL stock performance including market trends, financial metrics, and strategic initiatives. This comprehensive analysis examines various factors affecting AAPL stock performance including market trends, financial metrics, and strategic initiatives. This comprehensive analysis examines various factors affecting AAPL stock performance including market trends, financial metrics, and strategic initiatives. "
2025-06-03,AAPL Invests in Innovation - Update 6,https://finance.yahoo.com/news/mock-article-56,"Financial analysts are closely watching AAPL as the company navigates current market conditions. This comprehensive analysis examines various factors affecting AAPL stock performance including market trends, financial metrics, and strategic initiatives. This comprehensive analysis examines various factors affecting AAPL stock performance including market trends, financial metrics, and strategic initiatives. This comprehensive analysis examines various factors affecting AAPL stock performance including market trends, financial metrics, and strategic initiatives. This comprehensive analysis examines various factors affecting AAPL stock performance including market trends, financial metrics, and strategic initiatives. This comprehensive analysis examines various factors affecting AAPL stock performance including market trends, financial metrics, and strategic initiatives. "
2025-06-07,AAPL Invests in Innovation - Update 4,https://finance.yahoo.com/news/mock-article-36,"Financial analysts are closely watching AAPL as the company navigates current market conditions. This comprehensive analysis examines various factors affecting AAPL stock performance including market trends, financial metrics, and strategic initiatives. This comprehensive analysis examines various factors affecting AAPL stock performance including market trends, financial metrics, and strategic initiatives. This comprehensive analysis examines various factors affecting AAPL stock performance including market trends, financial metrics, and strategic initiatives. This comprehensive analysis examines various factors affecting AAPL stock performance including market trends, financial metrics, and strategic initiatives. This comprehensive analysis examines various factors affecting AAPL stock performance including market trends, financial metrics, and strategic initiatives. "
2025-06-07,AAPL Reports Strong Quarterly Earnings - Update 5,https://finance.yahoo.com/news/mock-article-40,"AAPL continues to show strong performance in the market with recent developments indicating positive momentum. This comprehensive analysis examines various factors affecting AAPL stock performance including market trends, financial metrics, and strategic initiatives. This comprehensive analysis examines various factors affecting AAPL stock performance including market trends, financial metrics, and strategic initiatives. This comprehensive analysis examines various factors affecting AAPL stock performance including market trends, financial metrics, and strategic initiatives. This comprehensive analysis examines various factors affecting AAPL stock performance including market trends, financial metrics, and strategic initiatives. This comprehensive analysis examines various factors affecting AAPL stock performance including market trends, financial metrics, and strategic initiatives. "
2025-06-07,Analysts Upgrade AAPL Stock Rating - Update 6,https://finance.yahoo.com/news/mock-article-52,"The latest earnings report from AAPL has attracted significant attention from investors and market watchers. This comprehensive analysis examines various factors affecting AAPL stock performance including market trends, financial metrics, and strategic initiatives. This comprehensive analysis examines various factors affecting AAPL stock performance including market trends, financial metrics, and strategic initiatives. This comprehensive analysis examines various factors affecting AAPL stock performance including market trends, financial metrics, and strategic initiatives. This comprehensive analysis examines various factors affecting AAPL stock performance including market trends, financial metrics, and strategic initiatives. This comprehensive analysis examines various factors affecting AAPL stock performance including market trends, financial metrics, and strategic initiatives. "
2025-06-09,Analysts Upgrade AAPL Stock Rating - Update 4,https://finance.yahoo.com/news/mock-article-32,"The latest earnings report from AAPL has attracted significant attention from investors and market watchers. This comprehensive analysis examines various factors affecting AAPL stock performance including market trends, financial metrics, and strategic initiatives. This comprehensive analysis examines various factors affecting AAPL stock performance including market trends, financial metrics, and strategic initiatives. This comprehensive analysis examines various factors affecting AAPL stock performance including market trends, financial metrics, and strategic initiatives. This comprehensive analysis examines various factors affecting AAPL stock performance including market trends, financial metrics, and strategic initiatives. This comprehensive analysis examines various factors affecting AAPL stock performance including market trends, financial metrics, and strategic initiatives. "
2025-06-16,AAPL Announces New Product Launch - Update 6,https://finance.yahoo.com/news/mock-article-51,"Financial analysts are closely watching AAPL as the company navigates current market conditions. This comprehensive analysis examines various factors affecting AAPL stock performance including market trends, financial metrics, and strategic initiatives. This comprehensive analysis examines various factors affecting AAPL stock performance including market trends, financial metrics, and strategic initiatives. This comprehensive analysis examines various factors affecting AAPL stock performance including market trends, financial metrics, and strategic initiatives. This comprehensive analysis examines various factors affecting AAPL stock performance including market trends, financial metrics, and strategic initiatives. This comprehensive analysis examines various factors affecting AAPL stock performance including market trends, financial metrics, and strategic initiatives. "
2025-06-21,Economic Conditions Impact AAPL - Update 2,https://finance.yahoo.com/news/mock-article-17,"The latest earnings report from AAPL has attracted significant attention from investors and market watchers. This comprehensive analysis examines various factors affecting AAPL stock performance including market trends, financial metrics, and strategic initiatives. This comprehensive analysis examines various factors affecting AAPL stock performance including market trends, financial metrics, and strategic initiatives. This comprehensive analysis examines various factors affecting AAPL stock performance including market trends, financial metrics, and strategic initiatives. This comprehensive analysis examines various factors affecting AAPL stock performance including market trends, financial metrics, and strategic initiatives. This comprehensive analysis examines various factors affecting AAPL stock performance including market trends, financial metrics, and strategic initiatives. "
2025-06-25,Market Volatility Affects AAPL Trading - Update 2,https://finance.yahoo.com/news/mock-article-15,"AAPL continues to show strong performance in the market with recent developments indicating positive momentum. This comprehensive analysis examines various factors affecting AAPL stock performance including market trends, financial metrics, and strategic initiatives. This comprehensive analysis examines various factors affecting AAPL stock performance including market trends, financial metrics, and strategic initiatives. This comprehensive analysis examines various factors affecting AAPL stock performance including market trends, financial metrics, and strategic initiatives. This comprehensive analysis examines various factors affecting AAPL stock performance including market trends, financial metrics, and strategic initiatives. This comprehensive analysis examines various factors affecting AAPL stock performance including market trends, financial metrics, and strategic initiatives. "
2025-06-26,AAPL Announces New Product Launch - Update 8,https://finance.yahoo.com/news/mock-article-71,"Financial analysts are closely watching AAPL as the company navigates current market conditions. This comprehensive analysis examines various factors affecting AAPL stock performance including market trends, financial metrics, and strategic initiatives. This comprehensive analysis examines various factors affecting AAPL stock performance including market trends, financial metrics, and strategic initiatives. This comprehensive analysis examines various factors affecting AAPL stock performance including market trends, financial metrics, and strategic initiatives. This comprehensive analysis examines various factors affecting AAPL stock performance including market trends, financial metrics, and strategic initiatives. This comprehensive analysis examines various factors affecting AAPL stock performance including market trends, financial metrics, and strategic initiatives. "
2025-07-05,Economic Conditions Impact AAPL - Update 5,https://finance.yahoo.com/news/mock-article-47,"The latest earnings report from AAPL has attracted significant attention from investors and market watchers. This comprehensive analysis examines various factors affecting AAPL stock performance including market trends, financial metrics, and strategic initiatives. This comprehensive analysis examines various factors affecting AAPL stock performance including market trends, financial metrics, and strategic initiatives. This comprehensive analysis examines various factors affecting AAPL stock performance including market trends, financial metrics, and strategic initiatives. This comprehensive analysis examines various factors affecting AAPL stock performance including market trends, financial metrics, and strategic initiatives. This comprehensive analysis examines various factors affecting AAPL stock performance including market trends, financial metrics, and strategic initiatives. "
2025-07-09,Economic Conditions Impact AAPL - Update 8,https://finance.yahoo.com/news/mock-article-77,"The latest earnings report from AAPL has attracted significant attention from investors and market watchers. This comprehensive analysis examines various factors affecting AAPL stock performance including market trends, financial metrics, and strategic initiatives. This comprehensive analysis examines various factors affecting AAPL stock performance including market trends, financial metrics, and strategic initiatives. This comprehensive analysis examines various factors affecting AAPL stock performance including market trends, financial metrics, and strategic initiatives. This comprehensive analysis examines various factors affecting AAPL stock performance including market trends, financial metrics, and strategic initiatives. This comprehensive analysis examines various factors affecting AAPL stock performance including market trends, financial metrics, and strategic initiatives. "
2025-07-09,Analysts Upgrade AAPL Stock Rating - Update 7,https://finance.yahoo.com/news/mock-article-62,"The latest earnings report from AAPL has attracted significant attention from investors and market watchers. This comprehensive analysis examines various factors affecting AAPL stock performance including market trends, financial metrics, and strategic initiatives. This comprehensive analysis examines various factors affecting AAPL stock performance including market trends, financial metrics, and strategic initiatives. This comprehensive analysis examines various factors affecting AAPL stock performance including market trends, financial metrics, and strategic initiatives. This comprehensive analysis examines various factors affecting AAPL stock performance including market trends, financial metrics, and strategic initiatives. This comprehensive analysis examines various factors affecting AAPL stock performance including market trends, financial metrics, and strategic initiatives. "
2025-07-11,AAPL Stock Reaches New High - Update 8,https://finance.yahoo.com/news/mock-article-74,"Recent market trends have positioned AAPL favorably among technology sector competitors. This comprehensive analysis examines various factors affecting AAPL stock performance including market trends, financial metrics, and strategic initiatives. This comprehensive analysis examines various factors affecting AAPL stock performance including market trends, financial metrics, and strategic initiatives. This comprehensive analysis examines various factors affecting AAPL stock performance including market trends, financial metrics, and strategic initiatives. This comprehensive analysis examines various factors affecting AAPL stock performance including market trends, financial metrics, and strategic initiatives. This comprehensive analysis examines various factors affecting AAPL stock performance including market trends, financial metrics, and strategic initiatives. "
2025-07-13,AAPL Stock Reaches New High - Update 5,https://finance.yahoo.com/news/mock-article-44,"Recent market trends have positioned AAPL favorably among technology sector competitors. This comprehensive analysis examines various factors affecting AAPL stock performance including market trends, financial metrics, and strategic initiatives. This comprehensive analysis examines various factors affecting AAPL stock performance including market trends, financial metrics, and strategic initiatives. This comprehensive analysis examines various factors affecting AAPL stock performance including market trends, financial metrics, and strategic initiatives. This comprehensive analysis examines various factors affecting AAPL stock performance including market trends, financial metrics, and strategic initiatives. This comprehensive analysis examines various factors affecting AAPL stock performance including market trends, financial metrics, and strategic initiatives. "
2025-07-14,AAPL Expands International Operations - Update 4,https://finance.yahoo.com/news/mock-article-38,"Industry experts suggest that AAPL's strategic initiatives may drive future growth and market expansion. This comprehensive analysis examines various factors affecting AAPL stock performance including market trends, financial metrics, and strategic initiatives. This comprehensive analysis examines various factors affecting AAPL stock performance including market trends, financial metrics, and strategic initiatives. This comprehensive analysis examines various factors affecting AAPL stock performance including market trends, financial metrics, and strategic initiatives. This comprehensive analysis examines various factors affecting AAPL stock performance including market trends, financial metrics, and strategic initiatives. This comprehensive analysis examines various factors affecting AAPL stock performance including market trends, financial metrics, and strategic initiatives. "
2025-07-15,AAPL Reports Strong Quarterly Earnings - Update 6,https://finance.yahoo.com/news/mock-article-50,"AAPL continues to show strong performance in the market with recent developments indicating positive momentum. This comprehensive analysis examines various factors affecting AAPL stock performance including market trends, financial metrics, and strategic initiatives. This comprehensive analysis examines various factors affecting AAPL stock performance including market trends, financial metrics, and strategic initiatives. This comprehensive analysis examines various factors affecting AAPL stock performance including market trends, financial metrics, and strategic initiatives. This comprehensive analysis examines various factors affecting AAPL stock performance including market trends, financial metrics, and strategic initiatives. This comprehensive analysis examines various factors affecting AAPL stock performance including market trends, financial metrics, and strategic initiatives. "
2025-07-16,Market Volatility Affects AAPL Trading - Update 1,https://finance.yahoo.com/news/mock-article-5,"AAPL continues to show strong performance in the market with recent developments indicating positive momentum. This comprehensive analysis examines various factors affecting AAPL stock performance including market trends, financial metrics, and strategic initiatives. This comprehensive analysis examines various factors affecting AAPL stock performance including market trends, financial metrics, and strategic initiatives. This comprehensive analysis examines various factors affecting AAPL stock performance including market trends, financial metrics, and strategic initiatives. This comprehensive analysis examines various factors affecting AAPL stock performance including market trends, financial metrics, and strategic initiatives. This comprehensive analysis examines various factors affecting AAPL stock performance including market trends, financial metrics, and strategic initiatives. "
2025-07-17,Regulatory Changes Affect AAPL Business - Update 8,https://finance.yahoo.com/news/mock-article-79,"Recent market trends have positioned AAPL favorably among technology sector competitors. This comprehensive analysis examines various factors affecting AAPL stock performance including market trends, financial metrics, and strategic initiatives. This comprehensive analysis examines various factors affecting AAPL stock performance including market trends, financial metrics, and strategic initiatives. This comprehensive analysis examines various factors affecting AAPL stock performance including market trends, financial metrics, and strategic initiatives. This comprehensive analysis examines various factors affecting AAPL stock performance including market trends, financial metrics, and strategic initiatives. This comprehensive analysis examines various factors affecting AAPL stock performance including market trends, financial metrics, and strategic initiatives. "
2025-07-18,AAPL Stock Reaches New High - Update 7,https://finance.yahoo.com/news/mock-article-64,"Recent market trends have positioned AAPL favorably among technology sector competitors. This comprehensive analysis examines various factors affecting AAPL stock performance including market trends, financial metrics, and strategic initiatives. This comprehensive analysis examines various factors affecting AAPL stock performance including market trends, financial metrics, and strategic initiatives. This comprehensive analysis examines various factors affecting AAPL stock performance including market trends, financial metrics, and strategic initiatives. This comprehensive analysis examines various factors affecting AAPL stock performance including market trends, financial metrics, and strategic initiatives. This comprehensive analysis examines various factors affecting AAPL stock performance including market trends, financial metrics, and strategic initiatives. "
2025-07-20,AAPL Stock Reaches New High - Update 2,https://finance.yahoo.com/news/mock-article-14,"Recent market trends have positioned AAPL favorably among technology sector competitors. This comprehensive analysis examines various factors affecting AAPL stock performance including market trends, financial metrics, and strategic initiatives. This comprehensive analysis examines various factors affecting AAPL stock performance including market trends, financial metrics, and strategic initiatives. This comprehensive analysis examines various factors affecting AAPL stock performance including market trends, financial metrics, and strategic initiatives. This comprehensive analysis examines various factors affecting AAPL stock performance including market trends, financial metrics, and strategic initiatives. This comprehensive analysis examines various factors affecting AAPL stock performance including market trends, financial metrics, and strategic initiatives. "
2025-07-22,AAPL Reports Strong Quarterly Earnings - Update 8,https://finance.yahoo.com/news/mock-article-70,"AAPL continues to show strong performance in the market with recent developments indicating positive momentum. This comprehensive analysis examines various factors affecting AAPL stock performance including market trends, financial metrics, and strategic initiatives. This comprehensive analysis examines various factors affecting AAPL stock performance including market trends, financial metrics, and strategic initiatives. This comprehensive analysis examines various factors affecting AAPL stock performance including market trends, financial metrics, and strategic initiatives. This comprehensive analysis examines various factors affecting AAPL stock performance including market trends, financial metrics, and strategic initiatives. This comprehensive analysis examines various factors affecting AAPL stock performance including market trends, financial metrics, and strategic initiatives. "
2025-07-24,AAPL Announces New Product Launch - Update 2,https://finance.yahoo.com/news/mock-article-11,"Financial analysts are closely watching AAPL as the company navigates current market conditions. This comprehensive analysis examines various factors affecting AAPL stock performance including market trends, financial metrics, and strategic initiatives. This comprehensive analysis examines various factors affecting AAPL stock performance including market trends, financial metrics, and strategic initiatives. This comprehensive analysis examines various factors affecting AAPL stock performance including market trends, financial metrics, and strategic initiatives. This comprehensive analysis examines various factors affecting AAPL stock performance including market trends, financial metrics, and strategic initiatives. This comprehensive analysis examines various factors affecting AAPL stock performance including market trends, financial metrics, and strategic initiatives. "
2025-07-25,Regulatory Changes Affect AAPL Business - Update 5,https://finance.yahoo.com/news/mock-article-49,"Recent market trends have positioned AAPL favorably among technology sector competitors. This comprehensive analysis examines various factors affecting AAPL stock performance including market trends, financial metrics, and strategic initiatives. This comprehensive analysis examines various factors affecting AAPL stock performance including market trends, financial metrics, and strategic initiatives. This comprehensive analysis examines various factors affecting AAPL stock performance including market trends, financial metrics, and strategic initiatives. This comprehensive analysis examines various factors affecting AAPL stock performance including market trends, financial metrics, and strategic initiatives. This comprehensive analysis examines various factors affecting AAPL stock performance including market trends, financial metrics, and strategic initiatives. "
2025-07-25,AAPL CEO Discusses Future Strategy - Update 4,https://finance.yahoo.com/news/mock-article-33,"Industry experts suggest that AAPL's strategic initiatives may drive future growth and market expansion. This comprehensive analysis examines various factors affecting AAPL stock performance including market trends, financial metrics, and strategic initiatives. This comprehensive analysis examines various factors affecting AAPL stock performance including market trends, financial metrics, and strategic initiatives. This comprehensive analysis examines various factors affecting AAPL stock performance including market trends, financial metrics, and strategic initiatives. This comprehensive analysis examines various factors affecting AAPL stock performance including market trends, financial metrics, and strategic initiatives. This comprehensive analysis examines various factors affecting AAPL stock performance including market trends, financial metrics, and strategic initiatives. "
2025-07-26,Regulatory Changes Affect AAPL Business - Update 2,https://finance.yahoo.com/news/mock-article-19,"Recent market trends have positioned AAPL favorably among technology sector competitors. This comprehensive analysis examines various factors affecting AAPL stock performance including market trends, financial metrics, and strategic initiatives. This comprehensive analysis examines various factors affecting AAPL stock performance including market trends, financial metrics, and strategic initiatives. This comprehensive analysis examines various factors affecting AAPL stock performance including market trends, financial metrics, and strategic initiatives. This comprehensive analysis examines various factors affecting AAPL stock performance including market trends, financial metrics, and strategic initiatives. This comprehensive analysis examines various factors affecting AAPL stock performance including market trends, financial metrics, and strategic initiatives. "
2025-07-27,AAPL Stock Reaches New High - Update 1,https://finance.yahoo.com/news/mock-article-4,"Recent market trends have positioned AAPL favorably among technology sector competitors. This comprehensive analysis examines various factors affecting AAPL stock performance including market trends, financial metrics, and strategic initiatives. This comprehensive analysis examines various factors affecting AAPL stock performance including market trends, financial metrics, and strategic initiatives. This comprehensive analysis examines various factors affecting AAPL stock performance including market trends, financial metrics, and strategic initiatives. This comprehensive analysis examines various factors affecting AAPL stock performance including market trends, financial metrics, and strategic initiatives. This comprehensive analysis examines various factors affecting AAPL stock performance including market trends, financial metrics, and strategic initiatives. "
2025-07-31,AAPL Invests in Innovation - Update 1,https://finance.yahoo.com/news/mock-article-6,"Financial analysts are closely watching AAPL as the company navigates current market conditions. This comprehensive analysis examines various factors affecting AAPL stock performance including market trends, financial metrics, and strategic initiatives. This comprehensive analysis examines various factors affecting AAPL stock performance including market trends, financial metrics, and strategic initiatives. This comprehensive analysis examines various factors affecting AAPL stock performance including market trends, financial metrics, and strategic initiatives. This comprehensive analysis examines various factors affecting AAPL stock performance including market trends, financial metrics, and strategic initiatives. This comprehensive analysis examines various factors affecting AAPL stock performance including market trends, financial metrics, and strategic initiatives. "
2025-08-01,AAPL Expands International Operations - Update 6,https://finance.yahoo.com/news/mock-article-58,"Industry experts suggest that AAPL's strategic initiatives may drive future growth and market expansion. This comprehensive analysis examines various factors affecting AAPL stock performance including market trends, financial metrics, and strategic initiatives. This comprehensive analysis examines various factors affecting AAPL stock performance including market trends, financial metrics, and strategic initiatives. This comprehensive analysis examines various factors affecting AAPL stock performance including market trends, financial metrics, and strategic initiatives. This comprehensive analysis examines various factors affecting AAPL stock performance including market trends, financial metrics, and strategic initiatives. This comprehensive analysis examines various factors affecting AAPL stock performance including market trends, financial metrics, and strategic initiatives. "
2025-08-02,Regulatory Changes Affect AAPL Business - Update 1,https://finance.yahoo.com/news/mock-article-9,"Recent market trends have positioned AAPL favorably among technology sector competitors. This comprehensive analysis examines various factors affecting AAPL stock performance including market trends, financial metrics, and strategic initiatives. This comprehensive analysis examines various factors affecting AAPL stock performance including market trends, financial metrics, and strategic initiatives. This comprehensive analysis examines various factors affecting AAPL stock performance including market trends, financial metrics, and strategic initiatives. This comprehensive analysis examines various factors affecting AAPL stock performance including market trends, financial metrics, and strategic initiatives. This comprehensive analysis examines various factors affecting AAPL stock performance including market trends, financial metrics, and strategic initiatives. "
2025-08-02,AAPL CEO Discusses Future Strategy - Update 1,https://finance.yahoo.com/news/mock-article-3,"Industry experts suggest that AAPL's strategic initiatives may drive future growth and market expansion. This comprehensive analysis examines various factors affecting AAPL stock performance including market trends, financial metrics, and strategic initiatives. This comprehensive analysis examines various factors affecting AAPL stock performance including market trends, financial metrics, and strategic initiatives. This comprehensive analysis examines various factors affecting AAPL stock performance including market trends, financial metrics, and strategic initiatives. This comprehensive analysis examines various factors affecting AAPL stock performance including market trends, financial metrics, and strategic initiatives. This comprehensive analysis examines various factors affecting AAPL stock performance including market trends, financial metrics, and strategic initiatives. "
2025-08-02,Market Volatility Affects AAPL Trading - Update 7,https://finance.yahoo.com/news/mock-article-65,"AAPL continues to show strong performance in the market with recent developments indicating positive momentum. This comprehensive analysis examines various factors affecting AAPL stock performance including market trends, financial metrics, and strategic initiatives. This comprehensive analysis examines various factors affecting AAPL stock performance including market trends, financial metrics, and strategic initiatives. This comprehensive analysis examines various factors affecting AAPL stock performance including market trends, financial metrics, and strategic initiatives. This comprehensive analysis examines various factors affecting AAPL stock performance including market trends, financial metrics, and strategic initiatives. This comprehensive analysis examines various factors affecting AAPL stock performance including market trends, financial metrics, and strategic initiatives. "
